pair,n_legs,volume_usd,binance_n,binance_vw_edge_bps,binance_mean_edge_bps,hl_n,hl_vw_edge_bps,hl_mean_edge_bps
USDC/USDT,475,1714380.85,0,,,475,-3.12,-3.76
USDT/USDT,559,1678314.65,0,,,559,3.53,1.61
USDC/USDC,373,1226572.89,0,,,373,0.69,0.82
USDT/ZEC,32,1146609.82,0,,,32,24.51,5.99
USDT/ETH,80,1001431.03,0,,,80,11.38,4.05
USDT/USDC,530,888681.23,0,,,530,9.41,6.29
SOL/ETH,142,872516.80,0,,,142,9.22,4.71
BTC/USDT,84,384805.95,0,,,84,9.91,5.23
BTC/USDC,90,324311.47,0,,,90,12.21,10.12
SOL/USDT,60,315325.12,0,,,60,7.09,2.56
USDC/ZEC,18,287780.71,0,,,18,4.17,0.65
ZEC/USDT,59,196439.31,0,,,59,16.78,12.78
DOGE/USDT,20,149017.56,0,,,20,37.81,8.07
USDC/BTC,24,146243.54,0,,,24,-1.20,0.21
DAI/USDC,13,143362.88,0,,,13,18.80,18.80
USDC/ETH,46,115193.17,0,,,46,-2.44,-1.83
ZEC/USDC,26,105193.97,0,,,26,6.80,10.52
XRP/USDT,14,101567.25,0,,,14,7.15,3.18
BTC/SOL,133,101057.84,0,,,133,9.02,7.49
ETH/SOL,37,90248.67,0,,,37,11.51,5.91
USDT/BTC,37,75637.32,0,,,37,5.01,5.98
USDC/SOL,77,71344.39,0,,,77,3.42,2.28
BTC/DAI,6,61804.41,0,,,6,11.95,12.21
USDT/XRP,14,61646.50,0,,,14,11.30,8.18
SOL/USDC,35,43656.23,0,,,35,7.51,7.36
USDT/XAUT,3,40464.68,0,,,0,,
ETH/USDT,50,38756.29,0,,,50,2.67,2.39
USDT/TRX,103,37053.32,0,,,103,12.20,15.18
BTC/ETH,49,35080.29,0,,,49,10.33,8.88
DAI/ZEC,1,31471.19,0,,,1,28.02,28.02
ETH/ETH,26,26939.46,0,,,26,1.00,1.00
USDC/TRX,102,26430.17,0,,,102,2.90,4.20
USDT/NEAR,43,25132.28,0,,,43,2.86,3.16
USDT/SOL,102,24511.04,0,,,102,7.13,7.11
BTC/ZEC,3,24273.61,0,,,3,18.28,34.84
USDT/BNB,17,15797.09,0,,,17,7.76,9.70
ASTER/USDT,6,13076.30,0,,,6,22.78,14.57
ADA/USDT,3,12217.86,0,,,3,4.29,1.86
ETH/USDC,47,11456.80,0,,,47,6.37,6.35
SOL/TRX,8,11092.68,0,,,8,5.70,7.47
SOL/BTC,24,10750.60,0,,,24,2.57,2.76
SOL/ZEC,1,10744.15,0,,,1,20.19,20.19
USDT/VVV,10,10194.24,0,,,10,15.85,11.66
ETH/BTC,14,8233.54,0,,,14,3.85,2.57
USDC/NEAR,26,8109.08,0,,,26,-30.10,-6.77
USDT/USDT0,20,7378.40,0,,,20,0.97,0.94
USD1/USDT,1,7158.89,0,,,1,3.90,3.90
USDT0/USDT,10,6677.61,0,,,10,1.64,1.69
USDT/DAI,6,6166.48,0,,,6,13.00,13.00
XRP/ETH,12,5976.21,0,,,12,8.74,9.27
LTC/USDC,25,5256.29,0,,,25,16.17,14.41
TRX/USDT,12,5200.26,0,,,12,8.83,11.00
ETH/BNB,20,5055.98,0,,,20,5.27,6.72
BNB/ETH,29,5006.65,0,,,29,3.55,2.28
XRP/SOL,13,4662.95,0,,,13,9.89,8.82
NEAR/BTC,2,4583.83,0,,,2,13.15,13.57
NEAR/USDC,14,4205.26,0,,,14,8.57,15.28
USDT/LTC,19,4196.13,0,,,19,6.02,8.22
USDT/UNI,3,4091.92,0,,,3,6.08,7.78
ZEC/ETH,1,3908.35,0,,,1,30.07,30.07
BTC/BNB,6,3821.41,0,,,6,9.57,9.96
LTC/USDT,26,3535.67,0,,,26,8.93,9.55
POL/USDT,4,3356.39,0,,,4,9.55,16.60
NEAR/USDT,56,3180.45,0,,,56,3.66,5.38
USDT/OKB,10,2970.37,0,,,0,,
ETH/XRP,3,2873.90,0,,,3,5.64,6.69
USDT/ASTER,5,2695.69,0,,,5,10.79,11.33
BNB/USDC,16,2547.68,0,,,16,4.62,3.93
USDC/BNB,14,2434.65,0,,,14,0.92,2.63
BNB/SOL,30,2354.76,0,,,30,3.33,3.17
USDC/TON,7,2304.37,0,,,0,,
USDT/ADI,3,1906.05,0,,,0,,
AURORA/AURORA,38,1812.56,0,,,38,1.00,1.00
ETH/ZEC,1,1799.40,0,,,1,29.25,29.25
USDT/SUI,2,1765.00,0,,,2,12.07,8.59
TRX/BTC,3,1753.12,0,,,3,12.16,12.34
BNB/USDT,20,1720.22,0,,,20,-1.49,-1.90
ZEC/XRP,1,1662.31,0,,,1,33.96,33.96
USDC/XRP,9,1476.77,0,,,9,3.14,3.54
USDT/AURORA,37,1474.00,0,,,0,,
XAUT/USDC,1,1267.50,0,,,0,,
USDT/XLM,3,1206.00,0,,,3,9.14,11.45
NEAR/ZEC,10,1196.21,0,,,10,5.93,4.96
SWEAT/SWEAT,2,1142.03,0,,,2,1.00,1.00
USDT/ARB,6,1127.74,0,,,6,16.08,13.95
TON/USDC,7,1104.29,0,,,0,,
BTC/TRX,11,1046.26,0,,,11,11.15,12.78
USDC/LTC,13,983.36,0,,,13,2.26,2.92
SPX/USDT,3,857.80,0,,,3,20.83,20.49
BTC/BCH,2,835.16,0,,,2,15.41,15.58
BTC/BTC,6,808.23,0,,,6,4.45,3.67
XRP/BTC,2,784.81,0,,,2,8.35,8.35
SOL/BNB,10,763.43,0,,,10,4.99,6.06
SOL/DAI,1,748.48,0,,,1,30.56,30.56
SOL/NEAR,6,712.73,0,,,6,6.35,3.88
SOL/XRP,7,673.24,0,,,7,8.61,8.03
USDT/TON,5,559.08,0,,,0,,
OKB/USDT,5,514.56,0,,,0,,
USDC/SUI,1,493.00,0,,,1,-3.28,-3.28
USDT/DOGE,8,491.73,0,,,8,13.50,12.76
SUI/USDT,1,470.50,0,,,1,3.69,3.69
TRX/USDC,9,432.28,0,,,9,13.49,13.17
MON/USDT,4,420.10,0,,,4,8.39,9.72
BNB/POL,1,399.34,0,,,1,-0.19,-0.19
TRX/ETH,5,336.72,0,,,5,14.85,13.04
BNB/TRX,4,310.98,0,,,4,10.19,8.64
OP/USDT,1,306.19,0,,,1,-0.77,-0.77
USDC/USDT0,1,300.00,0,,,1,-5.19,-5.19
USDT/MON,5,264.34,0,,,5,13.82,14.22
BCH/USDC,2,262.52,0,,,2,-0.15,6.83
AVAX/USDT,1,258.38,0,,,1,8.61,8.61
USDT0/USDC,2,236.79,0,,,2,6.55,6.53
ZEC/NEAR,2,233.50,0,,,2,4.20,4.35
USDT/SPX,1,219.07,0,,,1,6.26,6.26
USDC/POL,3,204.74,0,,,3,3.81,1.34
TON/USDT,9,198.13,0,,,0,,
ETH/TRX,6,193.17,0,,,6,11.86,12.91
ETH/NEAR,4,175.72,0,,,4,9.19,8.55
BTC/NEAR,5,172.59,0,,,5,7.10,6.03
DAI/NEAR,2,172.52,0,,,2,5.99,5.98
XRP/USDC,6,149.56,0,,,6,8.43,7.92
ZEC/BTC,2,148.19,0,,,2,26.93,29.46
AVAX/ETH,1,146.89,0,,,1,10.12,10.12
ZEC/SOL,1,145.46,0,,,1,33.43,33.43
USDT/BCH,2,144.75,0,,,2,21.83,20.04
NEAR/ETH,4,127.17,0,,,4,12.00,11.96
JAMBO/NEAR,1,116.59,0,,,0,,
XAUT/USDT,1,114.47,0,,,0,,
BTC/XRP,3,105.88,0,,,3,12.75,16.27
AAVE/USDT,1,100.93,0,,,1,11.96,11.96
USDT/LINK,1,98.12,0,,,1,8.37,8.37
XRP/TRX,2,95.41,0,,,2,9.50,8.69
USDT/PEPE,2,93.04,0,,,0,,
ETH/AVAX,3,87.62,0,,,3,5.79,7.33
NEAR/BNB,2,87.35,0,,,2,16.72,17.42
ETH/POL,5,81.94,0,,,5,-0.25,-0.37
USDT/AAVE,1,75.57,0,,,1,3.44,3.44
BTC/POL,1,72.26,0,,,1,2.48,2.48
SUI/SOL,1,69.15,0,,,1,8.36,8.36
RHEA/NEAR,1,68.99,0,,,0,,
USDT/SHIB,2,62.49,0,,,0,,
GNO/USDT,2,49.80,0,,,0,,
USDC/ADA,1,49.30,0,,,1,15.54,15.54
PEPE/USDT,2,48.84,0,,,0,,
AVAX/USDC,1,42.72,0,,,1,12.80,12.80
NPRO/NEAR,3,41.39,0,,,0,,
AURORA/USDT,1,39.26,0,,,0,,
LINK/USDT,2,34.11,0,,,2,11.02,10.92
TRX/XRP,1,32.00,0,,,1,11.47,11.47
TRX/NEAR,2,31.95,0,,,2,15.38,16.22
USDT/TITN,1,30.00,0,,,0,,
BLACKDRAGON/NEAR,1,29.80,0,,,0,,
USDT/POL,1,29.79,0,,,1,2.64,2.64
USDC/SHIB,1,29.71,0,,,0,,
AVAX/POL,1,26.91,0,,,1,6.70,6.70
VVV/USDT,1,26.31,0,,,1,19.59,19.59
UNI/USDT,2,25.83,0,,,2,30.44,30.44
SAFE/USDT,1,23.49,0,,,0,,
TITN/USDT,1,23.35,0,,,0,,
POL/BTC,1,23.29,0,,,1,1.45,1.45
USDT/PENGU,1,19.45,0,,,1,12.02,12.02
ADA/USDC,1,18.32,0,,,1,12.40,12.40
ETH/USDT0,1,17.76,0,,,1,3.71,3.71
USDT0/TRX,1,17.63,0,,,1,12.20,12.20
XLM/USDT,1,16.63,0,,,1,9.72,9.72
XRP/BNB,1,15.37,0,,,1,9.95,9.95
USDC/XAUT,1,15.19,0,,,0,,
POL/ETH,1,14.73,0,,,1,27.70,27.70
SOL/POL,1,13.83,0,,,1,0.46,0.46
POL/USDC,1,12.94,0,,,1,10.66,10.66
USDT/ADA,1,12.87,0,,,1,9.19,9.19
SHIB/USDC,1,11.23,0,,,0,,
BNB/AVAX,1,10.95,0,,,1,7.36,7.36
POL/BNB,1,10.77,0,,,1,18.22,18.22
ARB/USDT,1,10.27,0,,,1,9.46,9.46
