solver,pair,n_legs,volume_usd,binance_n,binance_vw_edge_bps,binance_mean_edge_bps,hl_n,hl_vw_edge_bps,hl_mean_edge_bps
solver-priv-liq.near,USDT/ZEC,11,975919.99,0,,,11,28.21,20.31
solver-priv-liq.near,USDT/ETH,19,963795.66,0,,,19,12.20,12.22
crux-solver.near,SOL/ETH,92,753262.71,0,,,92,7.76,4.82
solver-priv-liq.near,USDC/USDT,59,566087.48,0,,,59,-4.60,-4.55
crux-solver.near,USDC/USDT,325,507916.28,0,,,325,-4.52,-4.06
0x2e30c32738a28833e3d85189c04895c25ee54cb5,USDT/USDC,116,491059.34,0,,,116,10.39,6.62
crux-solver.near,USDC/USDC,145,420247.57,0,,,145,0.55,0.71
solver-multichain-asset.near,USDC/USDC,155,396478.68,0,,,155,1.00,1.00
0x2e30c32738a28833e3d85189c04895c25ee54cb5,USDC/USDC,51,391227.61,0,,,51,0.50,0.47
6247d9c671ca6a80cf2c75e26edb8cd75ebf00fcd3c56c39107d6ca20c9cfb29,USDT/USDT,25,364039.54,0,,,25,9.90,9.90
crux-solver.near,USDT/USDT,214,330418.43,0,,,214,0.85,1.16
solver-priv-liq.near,SOL/USDT,20,309918.31,0,,,20,7.21,7.00
solver-priv-liq.near,BTC/USDT,17,291499.43,0,,,17,10.57,8.78
0x2e30c32738a28833e3d85189c04895c25ee54cb5,USDC/USDT,62,257442.31,0,,,62,-3.22,-2.76
solver-multichain-asset-escrow.near,USDT/USDT,20,251684.77,0,,,20,1.00,1.00
433d1f6e5452c9f6087af460d1c6b799587132caabeb2477a0ad37e3e0b88d0c,USDC/USDT,2,238735.33,0,,,2,1.40,1.29
433d1f6e5452c9f6087af460d1c6b799587132caabeb2477a0ad37e3e0b88d0c,USDT/USDT,2,223405.24,0,,,2,5.00,5.00
0x2e30c32738a28833e3d85189c04895c25ee54cb5,USDT/USDT,19,170392.05,0,,,19,2.66,1.96
sodax-tron-test.near,USDT/USDT,54,156094.76,0,,,54,0.11,0.72
solver-priv-liq.near,BTC/USDC,23,152557.19,0,,,23,14.42,14.10
6247d9c671ca6a80cf2c75e26edb8cd75ebf00fcd3c56c39107d6ca20c9cfb29,DOGE/USDT,1,146544.12,0,,,1,38.33,38.33
6247d9c671ca6a80cf2c75e26edb8cd75ebf00fcd3c56c39107d6ca20c9cfb29,DAI/USDC,13,143362.88,0,,,13,18.80,18.80
solver-multichain-asset.near,USDT/USDT,176,142779.22,0,,,176,1.10,1.26
kipseli.near,USDT/USDC,181,134669.46,0,,,181,6.31,4.77
solver-priv-liq.near,USDT/USDC,78,134106.91,0,,,78,7.01,6.67
kipseli.near,USDC/USDT,13,129696.91,0,,,13,-0.73,-1.14
6247d9c671ca6a80cf2c75e26edb8cd75ebf00fcd3c56c39107d6ca20c9cfb29,USDC/ZEC,1,127073.81,0,,,1,-0.76,-0.76
crux-solver.near,BTC/USDC,31,113339.08,0,,,31,10.17,8.74
0x2e30c32738a28833e3d85189c04895c25ee54cb5,USDT/ZEC,1,103348.33,0,,,1,4.80,4.80
solver-priv-liq.near,XRP/USDT,5,99649.41,0,,,5,7.19,4.86
0x2e30c32738a28833e3d85189c04895c25ee54cb5,ETH/SOL,4,86847.72,0,,,4,11.76,9.84
crux-solver.near,USDC/BTC,12,85803.34,0,,,12,-2.21,-0.44
crux-solver.near,ZEC/USDT,10,81503.79,0,,,10,15.16,14.42
crux-solver.near,USDT/USDC,139,79383.78,0,,,139,7.95,7.04
crux-solver.near,USDC/ETH,30,78526.52,0,,,30,2.72,0.69
crux-solver.near,USDT/BTC,24,73023.26,0,,,24,4.94,4.84
0x2e30c32738a28833e3d85189c04895c25ee54cb5,ZEC/USDT,42,70969.19,0,,,42,8.92,10.86
crux-solver.near,USDC/SOL,57,69111.79,0,,,57,3.44,2.41
0x2e30c32738a28833e3d85189c04895c25ee54cb5,BTC/SOL,55,67545.58,0,,,55,9.99,8.13
crux-solver.near,USDT/ZEC,17,67221.49,0,,,17,1.11,3.14
0x2e30c32738a28833e3d85189c04895c25ee54cb5,USDC/ZEC,2,66124.22,0,,,2,10.07,9.18
crux-solver.near,USDC/ZEC,14,64803.72,0,,,14,0.40,-1.87
6247d9c671ca6a80cf2c75e26edb8cd75ebf00fcd3c56c39107d6ca20c9cfb29,BTC/DAI,6,61804.41,0,,,6,11.95,12.21
0x2e30c32738a28833e3d85189c04895c25ee54cb5,SOL/ETH,7,59346.64,0,,,7,9.21,6.76
0x2e30c32738a28833e3d85189c04895c25ee54cb5,BTC/USDC,30,57820.09,0,,,30,10.42,8.45
solver-priv-liq.near,USDC/BTC,6,57235.41,0,,,6,0.40,2.79
solver-priv-liq.near,SOL/ETH,4,55108.41,0,,,4,29.69,12.55
0x2e30c32738a28833e3d85189c04895c25ee54cb5,USDT/XRP,1,49649.95,0,,,1,12.70,12.70
0x2e30c32738a28833e3d85189c04895c25ee54cb5,ZEC/USDC,17,47451.55,0,,,17,17.31,14.21
433d1f6e5452c9f6087af460d1c6b799587132caabeb2477a0ad37e3e0b88d0c,BTC/USDT,2,45202.29,0,,,2,10.75,9.61
crux-solver.near,SOL/USDC,19,40749.43,0,,,19,7.16,7.10
solver-priv-liq.near,USDT/XAUT,3,40464.68,0,,,0,,
6247d9c671ca6a80cf2c75e26edb8cd75ebf00fcd3c56c39107d6ca20c9cfb29,USDT/USDC,7,37778.06,0,,,7,18.80,18.80
6247d9c671ca6a80cf2c75e26edb8cd75ebf00fcd3c56c39107d6ca20c9cfb29,ZEC/USDC,4,34403.40,0,,,4,-16.23,-16.41
6247d9c671ca6a80cf2c75e26edb8cd75ebf00fcd3c56c39107d6ca20c9cfb29,DAI/ZEC,1,31471.19,0,,,1,28.02,28.02
kipseli.near,USDT/USDT,35,30933.12,0,,,35,0.91,1.12
solver-priv-liq.near,USDC/ZEC,1,29778.96,0,,,1,20.26,20.26
crux-solver.near,BTC/SOL,51,26372.13,0,,,51,6.50,6.66
crux-solver.near,BTC/USDT,30,26036.12,0,,,30,5.29,4.78
crux-solver.near,ETH/USDT,24,24431.50,0,,,24,0.50,1.02
0x2e30c32738a28833e3d85189c04895c25ee54cb5,BTC/ETH,10,24247.73,0,,,10,11.62,11.88
6247d9c671ca6a80cf2c75e26edb8cd75ebf00fcd3c56c39107d6ca20c9cfb29,ZEC/USDT,1,24183.32,0,,,1,31.12,31.12
crux-solver.near,ZEC/USDC,5,23339.02,0,,,5,19.39,19.52
6247d9c671ca6a80cf2c75e26edb8cd75ebf00fcd3c56c39107d6ca20c9cfb29,USDT/TRX,32,22844.89,0,,,32,3.81,5.97
crux-solver.near,USDT/NEAR,30,22636.86,0,,,30,4.12,3.83
solver-multichain-asset.near,ETH/ETH,19,22544.54,0,,,19,1.00,1.00
6247d9c671ca6a80cf2c75e26edb8cd75ebf00fcd3c56c39107d6ca20c9cfb29,USDC/TRX,5,22475.02,0,,,5,2.68,0.98
crux-solver.near,USDT/ETH,43,20892.29,0,,,43,4.94,5.34
solver-priv-liq.near,ZEC/USDT,3,19526.34,0,,,3,34.50,33.57
solver-priv-liq.near,USDC/ETH,5,18735.14,0,,,5,5.19,5.94
0x2e30c32738a28833e3d85189c04895c25ee54cb5,BTC/USDT,24,18280.35,0,,,24,4.94,3.53
solver-multichain-asset-3.near,USDC/USDC,7,17886.40,0,,,7,1.00,1.00
crux-solver.near,USDT/SOL,73,17720.85,0,,,73,7.33,7.27
crux-solver.near,BTC/ZEC,1,16508.81,0,,,1,3.04,3.04
6247d9c671ca6a80cf2c75e26edb8cd75ebf00fcd3c56c39107d6ca20c9cfb29,USDC/ETH,3,15991.98,0,,,3,-36.82,-36.67
6247d9c671ca6a80cf2c75e26edb8cd75ebf00fcd3c56c39107d6ca20c9cfb29,USDT/ETH,5,15416.65,0,,,5,-30.55,-30.61
crux-solver.near,USDT/BNB,12,14425.34,0,,,12,7.64,9.71
solver-priv-liq.near,ASTER/USDT,6,13076.30,0,,,6,22.78,14.57
solver-priv-liq.near,USDT/TRX,34,12243.09,0,,,34,27.89,27.10
solver-priv-liq.near,ADA/USDT,3,12217.86,0,,,3,4.29,1.86
6247d9c671ca6a80cf2c75e26edb8cd75ebf00fcd3c56c39107d6ca20c9cfb29,USDC/USDT,2,11464.81,0,,,2,13.23,15.00
crux-solver.near,SOL/TRX,8,11092.68,0,,,8,5.70,7.47
crux-solver.near,SOL/ZEC,1,10744.15,0,,,1,20.19,20.19
crux-solver.near,USDT/XRP,6,10588.57,0,,,6,4.65,6.06
solver-priv-liq.near,USDT/VVV,10,10194.24,0,,,10,15.85,11.66
crux-solver.near,SOL/BTC,14,10158.58,0,,,14,2.76,3.53
433d1f6e5452c9f6087af460d1c6b799587132caabeb2477a0ad37e3e0b88d0c,USDT/USDC,1,9997.99,0,,,1,11.69,11.69
crux-solver.near,ETH/USDC,25,9663.13,0,,,25,6.58,6.97
0x2e30c32738a28833e3d85189c04895c25ee54cb5,BTC/ZEC,2,7764.80,0,,,2,50.70,50.74
0x2e30c32738a28833e3d85189c04895c25ee54cb5,ETH/USDT,10,7654.33,0,,,10,3.51,3.05
crux-solver.near,BTC/ETH,14,7252.90,0,,,14,7.58,8.06
solver-priv-liq.near,USD1/USDT,1,7158.89,0,,,1,3.90,3.90
crux-solver.near,ETH/BTC,6,6290.51,0,,,6,5.47,4.32
6247d9c671ca6a80cf2c75e26edb8cd75ebf00fcd3c56c39107d6ca20c9cfb29,USDT/DAI,6,6166.48,0,,,6,13.00,13.00
crux-solver.near,XRP/ETH,12,5976.21,0,,,12,8.74,9.27
solver-priv-liq.near,LTC/USDC,25,5256.29,0,,,25,16.17,14.41
crux-solver.near,USDT/USDT0,17,5226.29,0,,,17,0.96,0.93
ce72f625f99f907b6cadc7c40517aa10e0e195de793846d5cabd3442b6541c2d,USDT/USDT,1,4999.23,0,,,1,2.40,2.40
6247d9c671ca6a80cf2c75e26edb8cd75ebf00fcd3c56c39107d6ca20c9cfb29,USDC/NEAR,1,4836.90,0,,,1,-46.31,-46.31
sodax-solver.near,SOL/ETH,39,4799.04,0,,,39,2.87,3.27
crux-solver.near,XRP/SOL,13,4662.95,0,,,13,9.89,8.82
crux-solver.near,TRX/USDT,9,4642.27,0,,,9,7.97,9.09
crux-solver.near,NEAR/BTC,2,4583.83,0,,,2,13.15,13.57
crux-solver.near,BNB/ETH,20,4452.22,0,,,20,4.08,2.74
solver-priv-liq.near,USDT/SOL,1,4450.03,0,,,1,6.71,6.71
crux-solver.near,ETH/ETH,7,4394.92,0,,,7,1.00,1.00
kipseli.near,ETH/USDT,4,4200.00,0,,,4,11.51,3.64
solver-priv-liq.near,USDT/LTC,19,4196.13,0,,,19,6.02,8.22
solver-priv-liq.near,USDT/UNI,3,4091.92,0,,,3,6.08,7.78
crux-solver.near,USDC/TRX,97,3955.15,0,,,97,4.19,4.36
0x2e30c32738a28833e3d85189c04895c25ee54cb5,ZEC/ETH,1,3908.35,0,,,1,30.07,30.07
crux-solver.near,USDT0/USDT,5,3866.63,0,,,5,2.11,2.39
crux-solver.near,SOL/USDT,21,3847.58,0,,,21,0.08,-0.70
crux-solver.near,NEAR/USDC,5,3719.43,0,,,5,7.66,13.49
sodax-solver.near,BTC/SOL,23,3693.41,0,,,23,8.24,7.66
solver-priv-liq.near,LTC/USDT,26,3535.67,0,,,26,8.93,9.55
solver-priv-liq.near,BTC/SOL,4,3446.72,0,,,4,10.34,8.33
solver-priv-liq.near,POL/USDT,3,3344.00,0,,,3,9.50,15.25
sodax-solver.near,USDC/BTC,5,3190.29,0,,,5,-2.72,-3.22
crux-solver.near,BTC/BNB,2,3019.17,0,,,2,9.47,7.67
solver-priv-liq.near,USDT/OKB,10,2970.37,0,,,0,,
crux-solver.near,ETH/SOL,24,2934.44,0,,,24,5.18,5.85
crux-solver.near,ETH/XRP,3,2873.90,0,,,3,5.64,6.69
crux-solver.near,ETH/BNB,12,2789.07,0,,,12,5.29,6.91
solver-priv-liq.near,USDT/ASTER,5,2695.69,0,,,5,10.79,11.33
sodax-solver.near,USDC/USDT,7,2531.25,0,,,7,-4.49,-4.43
l2solver.near,USDT/USDT,2,2520.79,0,,,2,2.11,2.17
solver-priv-liq.near,DOGE/USDT,19,2473.43,0,,,19,6.97,6.48
solver-priv-liq.near,USDC/TON,7,2304.37,0,,,0,,
crux-solver.near,BNB/USDC,9,2276.97,0,,,9,4.74,4.10
sodax-solver.near,ETH/BNB,8,2266.90,0,,,8,5.23,6.43
solver-priv-liq.near,ETH/USDT,7,2214.74,0,,,7,7.21,6.64
sodax-solver.near,BTC/ETH,22,2185.01,0,,,22,4.59,7.70
solver-multichain-asset.near,USDT/USDT0,3,2152.10,0,,,3,1.00,1.00
solver-priv-liq.near,USDT/NEAR,10,2100.14,0,,,10,-10.11,2.04
crux-solver.near,USDT/TRX,37,1965.34,0,,,37,11.91,12.19
crux-solver.near,USDC/NEAR,17,1959.83,0,,,17,-3.94,-2.70
4fdbc608fd712338c7680c224f249360c855987cc25ec4501a9a47ef4c789264,BTC/USDT,8,1952.02,0,,,8,2.69,2.61
sodax-solver.near,USDC/SOL,15,1945.37,0,,,15,2.36,0.65
sodax-solver.near,ETH/BTC,8,1943.03,0,,,8,-1.40,1.25
crux-solver.near,XRP/USDT,9,1917.84,0,,,9,4.94,2.24
solver-priv-liq.near,USDT/ADI,3,1906.05,0,,,0,,
sodax-solver.near,USDC/ETH,7,1901.23,0,,,7,-1.33,-3.74
solver-multichain-asset.near,AURORA/AURORA,38,1812.56,0,,,38,1.00,1.00
crux-solver.near,ETH/ZEC,1,1799.40,0,,,1,29.25,29.25
solver-priv-liq.near,USDT/SUI,2,1765.00,0,,,2,12.07,8.59
solver-priv-liq.near,NEAR/USDT,23,1764.28,0,,,23,0.69,2.81
crux-solver.near,TRX/BTC,3,1753.12,0,,,3,12.16,12.34
0x2e30c32738a28833e3d85189c04895c25ee54cb5,SOL/USDC,2,1746.23,0,,,2,8.70,8.64
crux-solver.near,ZEC/XRP,1,1662.31,0,,,1,33.96,33.96
crux-solver.near,BNB/SOL,21,1568.44,0,,,21,3.07,3.28
solver-priv-liq.near,USDT/AURORA,37,1474.00,0,,,0,,
solver-multichain-asset-3.near,USDT0/USDT,1,1468.05,0,,,1,1.00,1.00
sodax-solver.near,BTC/USDT,2,1448.03,0,,,2,7.91,9.24
sodax-solver.near,USDT/SOL,15,1417.10,0,,,15,6.30,6.69
solver-priv-liq.near,USDT/XRP,7,1407.98,0,,,7,12.00,9.35
solver-priv-liq.near,BTC/ETH,3,1394.65,0,,,3,11.27,11.37
crux-solver.near,USDC/BNB,12,1346.71,0,,,12,0.36,2.64
crux-solver.near,USDC/XRP,8,1344.39,0,,,8,3.16,3.62
solver-priv-liq.near,USDC/NEAR,8,1312.35,0,,,8,-9.40,-10.47
sodax-solver.near,ETH/USDC,14,1282.83,0,,,14,3.82,3.51
solver-priv-liq.near,USDT/BTC,8,1272.34,0,,,8,8.81,10.75
0x2e30c32738a28833e3d85189c04895c25ee54cb5,SOL/USDT,12,1270.26,0,,,12,0.33,2.37
solver-priv-liq.near,XAUT/USDC,1,1267.50,0,,,0,,
sodax-solver.near,USDT/USDC,4,1247.18,0,,,4,6.53,8.48
4fdbc608fd712338c7680c224f249360c855987cc25ec4501a9a47ef4c789264,USDT/BTC,2,1211.71,0,,,2,5.23,2.98
solver-multichain-asset.near,SWEAT/SWEAT,2,1142.03,0,,,2,1.00,1.00
solver-priv-liq.near,USDT/ARB,6,1127.74,0,,,6,16.08,13.95
solver-priv-liq.near,USDT/XLM,1,1112.42,0,,,1,8.68,8.68
solver-priv-liq.near,TON/USDC,7,1104.29,0,,,0,,
sodax-solver.near,USDC/BNB,2,1087.94,0,,,2,1.60,2.53
sodax-solver.near,USDT/BNB,3,1057.02,0,,,3,7.56,7.19
brlabs-solver.near,USDT/USDT,11,1047.51,0,,,11,2.98,2.95
solver-priv-liq.near,USDC/LTC,13,983.36,0,,,13,2.26,2.92
0x2e30c32738a28833e3d85189c04895c25ee54cb5,USDT/SOL,11,891.23,0,,,11,6.42,6.72
solver-priv-liq.near,SPX/USDT,3,857.80,0,,,3,20.83,20.49
crux-solver.near,NEAR/USDT,22,854.80,0,,,22,5.57,5.90
solver-priv-liq.near,BTC/BCH,2,835.16,0,,,2,15.41,15.58
sodax-solver.near,BNB/SOL,9,786.32,0,,,9,3.83,2.90
sodax-solver.near,BNB/USDT,8,785.26,0,,,8,-2.23,-2.71
crux-solver.near,XRP/BTC,2,784.81,0,,,2,8.35,8.35
6247d9c671ca6a80cf2c75e26edb8cd75ebf00fcd3c56c39107d6ca20c9cfb29,SOL/DAI,1,748.48,0,,,1,30.56,30.56
sodax-solver.near,SOL/USDC,13,743.72,0,,,13,3.10,4.63
solver-multichain-asset-escrow.near,USDC/USDC,15,732.63,0,,,15,1.00,1.00
solver-multichain-asset.near,USDT0/USDT,3,719.25,0,,,3,1.00,1.00
0x2e30c32738a28833e3d85189c04895c25ee54cb5,USDT/ETH,4,718.09,0,,,4,6.52,5.96
crux-solver.near,SOL/NEAR,6,712.73,0,,,6,6.35,3.88
solver-priv-liq.near,BTC/BNB,1,701.12,0,,,1,9.66,9.66
crux-solver.near,SOL/XRP,7,673.24,0,,,7,8.61,8.03
crux-solver.near,BNB/USDT,11,666.87,0,,,11,-2.94,-1.86
solver-ref.near,NEAR/ZEC,6,665.15,0,,,6,-4.52,-4.40
solver-multichain-asset-2.near,USDT0/USDT,1,623.67,0,,,1,1.00,1.00
crux-solver.near,BTC/TRX,10,623.13,0,,,10,12.50,13.14
sodax-solver.near,BTC/USDC,6,595.11,0,,,6,9.54,10.35
sodax-solver.near,SOL/BTC,10,592.02,0,,,10,-0.59,1.69
4fdbc608fd712338c7680c224f249360c855987cc25ec4501a9a47ef4c789264,NEAR/USDT,11,561.38,0,,,11,10.09,9.72
solver-priv-liq.near,USDT/TON,5,559.08,0,,,0,,
solver-priv-liq.near,TRX/USDT,3,557.99,0,,,3,15.97,16.73
sodax-solver.near,BNB/ETH,9,554.43,0,,,9,-0.68,1.26
crux-solver.near,NEAR/ZEC,4,531.06,0,,,4,19.03,19.01
solver-priv-liq.near,OKB/USDT,5,514.56,0,,,0,,
sodax-solver.near,USDC/SUI,1,493.00,0,,,1,-3.28,-3.28
solver-priv-liq.near,USDT/DOGE,8,491.73,0,,,8,13.50,12.76
solver-priv-liq.near,NEAR/USDC,9,485.82,0,,,9,15.53,16.28
solver-priv-liq.near,SUI/USDT,1,470.50,0,,,1,3.69,3.69
sodax-solver.near,ETH/SOL,9,466.51,0,,,9,4.83,4.31
solver-multichain-asset.near,BTC/BTC,4,440.41,0,,,4,1.00,1.02
cerberus-solver.near,USDT/USDC,4,438.51,0,,,4,6.25,6.23
2f09a4dc4b29cfdfe5d7a14afb04f0aa6c68e0b54f3bb606b168919b68085059,USDC/USDT,4,438.24,0,,,4,-6.24,-6.15
crux-solver.near,SOL/BNB,5,432.84,0,,,5,4.66,4.35
crux-solver.near,TRX/USDC,9,432.28,0,,,9,13.49,13.17
6247d9c671ca6a80cf2c75e26edb8cd75ebf00fcd3c56c39107d6ca20c9cfb29,BTC/TRX,1,423.12,0,,,1,9.15,9.15
solver-priv-liq.near,MON/USDT,4,420.10,0,,,4,8.39,9.72
6247d9c671ca6a80cf2c75e26edb8cd75ebf00fcd3c56c39107d6ca20c9cfb29,SOL/USDC,1,416.85,0,,,1,45.31,45.31
sodax-solver.near,BNB/POL,1,399.34,0,,,1,-0.19,-0.19
4fdbc608fd712338c7680c224f249360c855987cc25ec4501a9a47ef4c789264,USDT/NEAR,3,395.28,0,,,3,-0.40,0.24
kipseli.near,BTC/USDT,1,387.72,0,,,1,3.20,3.20
crux-solver.near,TRX/ETH,5,336.72,0,,,5,14.85,13.04
sodax-solver.near,USDT/ETH,5,333.22,0,,,5,5.11,5.97
sodax-solver.near,SOL/BNB,5,330.60,0,,,5,5.42,7.76
solver-priv-liq.near,USDT/BNB,2,314.73,0,,,2,14.06,13.43
crux-solver.near,BNB/TRX,4,310.98,0,,,4,10.19,8.64
solver-priv-liq.near,OP/USDT,1,306.19,0,,,1,-0.77,-0.77
sodax-solver.near,USDC/USDT0,1,300.00,0,,,1,-5.19,-5.19
0x2e30c32738a28833e3d85189c04895c25ee54cb5,USDC/SOL,5,287.24,0,,,5,5.57,5.66
solver-priv-liq.near,ETH/USDC,3,284.35,0,,,3,8.96,9.99
sodax-solver.near,BNB/USDC,7,270.72,0,,,7,3.63,3.72
solver-priv-liq.near,BNB/USDT,1,268.09,0,,,1,4.28,4.28
solver-priv-liq.near,USDT/MON,5,264.34,0,,,5,13.82,14.22
solver-priv-liq.near,BCH/USDC,2,262.52,0,,,2,-0.15,6.83
solver-priv-liq.near,AVAX/USDT,1,258.38,0,,,1,8.61,8.61
crux-solver.near,USDT0/USDC,2,236.79,0,,,2,6.55,6.53
sodax-solver.near,SOL/USDT,5,234.57,0,,,5,-1.11,-0.90
solver-ref.near,ZEC/NEAR,2,233.50,0,,,2,4.20,4.35
crux-solver.near,BTC/BTC,1,232.63,0,,,1,7.52,7.52
0x2e30c32738a28833e3d85189c04895c25ee54cb5,ETH/USDC,5,226.49,0,,,5,8.85,9.00
solver-priv-liq.near,USDT/SPX,1,219.07,0,,,1,6.26,6.26
sodax-solver.near,ETH/USDT,4,215.85,0,,,4,0.56,1.03
sodax-solver.near,USDC/POL,3,204.74,0,,,3,3.81,1.34
solver-priv-liq.near,TON/USDT,9,198.13,0,,,0,,
crux-solver.near,ETH/TRX,6,193.17,0,,,6,11.86,12.91
kipseli.near,USDT/ETH,1,176.52,0,,,1,0.85,0.85
crux-solver.near,ETH/NEAR,4,175.72,0,,,4,9.19,8.55
4fdbc608fd712338c7680c224f249360c855987cc25ec4501a9a47ef4c789264,DAI/NEAR,2,172.52,0,,,2,5.99,5.98
crux-solver.near,XRP/USDC,6,149.56,0,,,6,8.43,7.92
0x2e30c32738a28833e3d85189c04895c25ee54cb5,ZEC/BTC,2,148.19,0,,,2,26.93,29.46
sodax-solver.near,AVAX/ETH,1,146.89,0,,,1,10.12,10.12
0x2e30c32738a28833e3d85189c04895c25ee54cb5,ZEC/SOL,1,145.46,0,,,1,33.43,33.43
solver-priv-liq.near,USDT/BCH,2,144.75,0,,,2,21.83,20.04
solverwithlp.near,BTC/BTC,1,135.19,0,,,1,10.40,10.40
4fdbc608fd712338c7680c224f249360c855987cc25ec4501a9a47ef4c789264,ZEC/USDT,2,135.16,0,,,2,8.23,9.37
0x2e30c32738a28833e3d85189c04895c25ee54cb5,USDC/XRP,1,132.38,0,,,1,2.94,2.94
crux-solver.near,NEAR/ETH,4,127.17,0,,,4,12.00,11.96
nocturnallabs.near,ZEC/USDT,1,121.51,0,,,1,2.96,2.96
4fdbc608fd712338c7680c224f249360c855987cc25ec4501a9a47ef4c789264,USDT/ZEC,3,120.00,0,,,3,-29.92,-29.92
solver-ref.near,JAMBO/NEAR,1,116.59,0,,,0,,
solver-priv-liq.near,XAUT/USDT,1,114.47,0,,,0,,
sodax-solver.near,BTC/BNB,3,101.12,0,,,3,11.93,11.58
crux-solver.near,BTC/NEAR,3,101.06,0,,,3,4.18,3.53
solver-priv-liq.near,AAVE/USDT,1,100.93,0,,,1,11.96,11.96
4fdbc608fd712338c7680c224f249360c855987cc25ec4501a9a47ef4c789264,USDT/ETH,3,98.60,0,,,3,-16.93,-13.06
solver-priv-liq.near,USDT/LINK,1,98.12,0,,,1,8.37,8.37
crux-solver.near,XRP/TRX,2,95.41,0,,,2,9.50,8.69
sodax-solver.near,USDT/XLM,2,93.58,0,,,2,14.60,12.83
solver-priv-liq.near,USDT/PEPE,2,93.04,0,,,0,,
crux-solver.near,BTC/XRP,2,89.30,0,,,2,9.68,9.76
sodax-solver.near,ETH/AVAX,3,87.62,0,,,3,5.79,7.33
crux-solver.near,NEAR/BNB,2,87.35,0,,,2,16.72,17.42
sodax-solver.near,USDT/BTC,1,84.53,0,,,1,1.93,1.93
sodax-solver.near,ETH/POL,5,81.94,0,,,5,-0.25,-0.37
solver-priv-liq.near,USDT/AAVE,1,75.57,0,,,1,3.44,3.44
sodax-solver.near,BTC/POL,1,72.26,0,,,1,2.48,2.48
solver-priv-liq.near,BTC/NEAR,2,71.54,0,,,2,11.24,9.78
sodax-solver.near,SUI/SOL,1,69.15,0,,,1,8.36,8.36
solver-ref.near,RHEA/NEAR,1,68.99,0,,,0,,
atlas.mp-solver.near,USDC/USDT,1,68.24,0,,,1,9.81,9.81
solver-priv-liq.near,USDT/SHIB,2,62.49,0,,,0,,
4fdbc608fd712338c7680c224f249360c855987cc25ec4501a9a47ef4c789264,SOL/USDT,2,54.40,0,,,2,1.10,1.98
solver-priv-liq.near,GNO/USDT,2,49.80,0,,,0,,
solver-priv-liq.near,USDC/ADA,1,49.30,0,,,1,15.54,15.54
solver-priv-liq.near,PEPE/USDT,2,48.84,0,,,0,,
sodax-solver.near,AVAX/USDC,1,42.72,0,,,1,12.80,12.80
solver-ref.near,NPRO/NEAR,3,41.39,0,,,0,,
4fdbc608fd712338c7680c224f249360c855987cc25ec4501a9a47ef4c789264,ETH/USDT,1,39.87,0,,,1,-0.49,-0.49
solver-priv-liq.near,AURORA/USDT,1,39.26,0,,,0,,
0x2e30c32738a28833e3d85189c04895c25ee54cb5,USDC/ETH,1,38.30,0,,,1,1.84,1.84
solver-priv-liq.near,LINK/USDT,2,34.11,0,,,2,11.02,10.92
crux-solver.near,TRX/XRP,1,32.00,0,,,1,11.47,11.47
crux-solver.near,TRX/NEAR,2,31.95,0,,,2,15.38,16.22
4fdbc608fd712338c7680c224f249360c855987cc25ec4501a9a47ef4c789264,USDT/SOL,2,31.84,0,,,2,6.46,6.51
solver-priv-liq.near,USDT/TITN,1,30.00,0,,,0,,
solver-ref.near,BLACKDRAGON/NEAR,1,29.80,0,,,0,,
sodax-solver.near,USDT/POL,1,29.79,0,,,1,2.64,2.64
solver-priv-liq.near,USDC/SHIB,1,29.71,0,,,0,,
sodax-solver.near,AVAX/POL,1,26.91,0,,,1,6.70,6.70
solver-priv-liq.near,VVV/USDT,1,26.31,0,,,1,19.59,19.59
solver-priv-liq.near,UNI/USDT,2,25.83,0,,,2,30.44,30.44
solver-priv-liq.near,SAFE/USDT,1,23.49,0,,,0,,
0x2e30c32738a28833e3d85189c04895c25ee54cb5,USDT/BTC,1,23.49,0,,,1,7.71,7.71
solver-priv-liq.near,TITN/USDT,1,23.35,0,,,0,,
sodax-solver.near,POL/BTC,1,23.29,0,,,1,1.45,1.45
kipseli.near,USDT/BTC,1,21.99,0,,,1,3.52,3.52
solver-priv-liq.near,USDT/PENGU,1,19.45,0,,,1,12.02,12.02
solver-priv-liq.near,ADA/USDC,1,18.32,0,,,1,12.40,12.40
crux-solver.near,ETH/USDT0,1,17.76,0,,,1,3.71,3.71
crux-solver.near,USDT0/TRX,1,17.63,0,,,1,12.20,12.20
solver-priv-liq.near,XLM/USDT,1,16.63,0,,,1,9.72,9.72
0x2e30c32738a28833e3d85189c04895c25ee54cb5,BTC/XRP,1,16.58,0,,,1,29.28,29.28
crux-solver.near,XRP/BNB,1,15.37,0,,,1,9.95,9.95
solver-priv-liq.near,USDC/XAUT,1,15.19,0,,,0,,
sodax-solver.near,POL/ETH,1,14.73,0,,,1,27.70,27.70
kipseli.near,USDC/BTC,1,14.50,0,,,1,9.76,9.76
sodax-solver.near,SOL/POL,1,13.83,0,,,1,0.46,0.46
sodax-solver.near,POL/USDC,1,12.94,0,,,1,10.66,10.66
solver-priv-liq.near,USDT/ADA,1,12.87,0,,,1,9.19,9.19
sodax-solver.near,POL/USDT,1,12.39,0,,,1,20.66,20.66
solver-priv-liq.near,SHIB/USDC,1,11.23,0,,,0,,
sodax-solver.near,BNB/AVAX,1,10.95,0,,,1,7.36,7.36
sodax-solver.near,POL/BNB,1,10.77,0,,,1,18.22,18.22
solver-priv-liq.near,ARB/USDT,1,10.27,0,,,1,9.46,9.46
