timestamp,tx,solver,leg_class,pair,side,base_symbol,quote_symbol,base_amount,quote_amount,native_rate,binance_rate,hyperliquid_rate,edge_bps_binance,edge_bps_hyperliquid,notional_usd
2026-07-09T23:15:22,DZfaUncpT5kSPFLQru17gCQ3rG1AtdnxDxyJTpkuqatC,solver-priv-liq.near,interesting,LTC/USDC,buy_base,LTC,USDC,0.992999,43.539143,43.84610961,,43.928,,18.68,43.54
2026-07-09T23:15:22,DZfaUncpT5kSPFLQru17gCQ3rG1AtdnxDxyJTpkuqatC,solver-priv-liq.near,interesting,USDC/BTC,sell_base,BTC,USDC,0.00068875,43.539099,63214.66279,,63181,,5.33,43.54
2026-07-09T23:15:23,8NiD6MBdMdXmMToWQF1KvVV9mVed8D16ktcq3wNsuYyd,crux-solver.near,interesting,TRX/USDT,buy_base,TRX,USDT,34.769344,11.5234,0.3314241419,,0.33155,,3.80,11.52
2026-07-09T23:15:23,8NiD6MBdMdXmMToWQF1KvVV9mVed8D16ktcq3wNsuYyd,crux-solver.near,stable_stable,USDT/USDC,sell_base,USDC,USDT,11.516362,11.523388,1.000610088,,1,,6.10,11.52
2026-07-09T23:15:24,ACJNzAt2SMYhAYJJdcR5KcPUwyDaeWVgtYqVCuTKQUDT,solver-priv-liq.near,interesting,LTC/USDT,buy_base,LTC,USDT,7.52233137,330.140417,43.88804491,,43.928,,9.10,330.14
2026-07-09T23:15:24,ACJNzAt2SMYhAYJJdcR5KcPUwyDaeWVgtYqVCuTKQUDT,solver-multichain-asset.near,same_asset,USDT/USDT,sell_base,USDT,USDT,330.107072,330.140086,1.00010001,,1,,1.00,330.14
2026-07-09T23:15:37,5EjNuMZdBBQa5VXTheHFhTpKDxcNd4H7wwyTEPq69p6J,solver-priv-liq.near,interesting,LTC/USDT,buy_base,LTC,USDT,0.58556599,25.68649,43.86608929,,43.928,,14.11,25.69
2026-07-09T23:15:37,5EjNuMZdBBQa5VXTheHFhTpKDxcNd4H7wwyTEPq69p6J,0x2e30c32738a28833e3d85189c04895c25ee54cb5,stable_stable,USDT/USDC,sell_base,USDC,USDT,25.671141,25.686464,1.000596896,,1,,5.97,25.69
2026-07-09T23:16:23,57NKdVThakCZ4sNoH3gmTFCZGo6WueAmpafMhJL4FEok,kipseli.near,stable_stable,USDT/USDC,sell_base,USDC,USDT,10.64451,10.649989,1.000514725,,1,,5.15,10.65
2026-07-09T23:16:27,BU4XfLgnXwB6zi22vFHH4xguZ4faqAfpdzm36sDmQpeq,sodax-tron-test.near,same_asset,USDT/USDT,sell_base,USDT,USDT,146.930609,146.930183,0.9999971007,,1,,-0.03,146.93
2026-07-09T23:16:32,7ACPxRTYUKbCBFXkzahxZENz2LpERZbwbLHdjKZji7UA,crux-solver.near,same_asset,USDC/USDC,sell_base,USDC,USDC,1397.677614,1397.747502,1.000050003,,1,,0.50,1397.75
2026-07-09T23:16:32,7ACPxRTYUKbCBFXkzahxZENz2LpERZbwbLHdjKZji7UA,crux-solver.near,stable_stable,USDC/USDT,sell_base,USDT,USDC,1398.388991,1397.676216,0.9994902885,,1,,-5.10,1397.68
2026-07-09T23:16:35,9dSMokke5XSjYgP69TKxkeEi9HWfwRRpqXYQVLzo7Xfy,solver-priv-liq.near,interesting,ADA/USDT,buy_base,ADA,USDT,76.439923,12.706883,0.1662335924,,0.16633,,5.80,12.71
2026-07-09T23:16:35,9dSMokke5XSjYgP69TKxkeEi9HWfwRRpqXYQVLzo7Xfy,0x2e30c32738a28833e3d85189c04895c25ee54cb5,stable_stable,USDT/USDC,sell_base,USDC,USDT,12.699262,12.70687,1.00059909,,1,,5.99,12.71
2026-07-09T23:16:47,GCgFABj4ZbvWeAiRNWfbJ6rXNHEyqQvzoNLDHmh8Y8Qo,0x2e30c32738a28833e3d85189c04895c25ee54cb5,stable_stable,USDT/USDC,sell_base,USDC,USDT,22.548512,22.562019,1.00059902,,1,,5.99,22.56
2026-07-09T23:16:50,CZHCA45Ggk8pFgYtEVUYdZqWpEhAkGBJVDn1Z1mEpBPN,solver-multichain-asset.near,same_asset,USDT/USDT,sell_base,USDT,USDT,40.708887,40.712959287,1.000100034,,1,,1.00,40.71
2026-07-09T23:16:50,CZHCA45Ggk8pFgYtEVUYdZqWpEhAkGBJVDn1Z1mEpBPN,0x2e30c32738a28833e3d85189c04895c25ee54cb5,interesting,USDT/SOL,sell_base,SOL,USDT,0.52211661,40.708846,77.96887749,,77.888,,10.38,40.71
2026-07-09T23:16:59,E31C1pNa6ZPDd7wLLJt6VgqtPkSW6vkkZvCLyyw9en5F,sodax-solver.near,interesting,BNB/SOL,sell_base,SOL,BNB,0.522819577,0.071619777987013119,0.1369875596,,0.1369483419,,2.86,40.72
2026-07-09T23:17:10,D6Ux38htiLL48bc24YbP7YMgC6zrEcTmdL1okMD5jGRf,solver-priv-liq.near,stable_stable,USDC/USDT,sell_base,USDT,USDC,49.322625,49.29995,0.9995402718,,1,,-4.60,49.30
2026-07-09T23:17:10,D6Ux38htiLL48bc24YbP7YMgC6zrEcTmdL1okMD5jGRf,solver-priv-liq.near,interesting,USDT/DOGE,sell_base,DOGE,USDT,676.18628854,49.322575,0.072942288,,0.0728435,,13.56,49.32
2026-07-09T23:17:47,2LYfBVGyxMUgajREwB5gFuoSBhZP8dgyqhiP3raTo5hT,crux-solver.near,interesting,SOL/ETH,buy_base,SOL,ETH,0.270728729,0.012090455888693846,0.04465893196,,0.04467314918,,3.18,21.08
2026-07-09T23:17:51,6bB1dRFTjBvzNVgb6xnChUzqRMagELsofa1LqMhU9kZV,0x2e30c32738a28833e3d85189c04895c25ee54cb5,interesting,BTC/ETH,sell_base,ETH,BTC,0.01791400947608722,0.00049524,0.02764540237,,0.02761666363,,10.41,31.23
2026-07-09T23:17:53,Ek4V6RMi7wbtVi65dLT9PgoMhPDtXCLq3a7ht1VAn8f8,0x2e30c32738a28833e3d85189c04895c25ee54cb5,interesting,BTC/SOL,sell_base,SOL,BTC,2.174581525,0.00268539,0.001234899667,,0.001233723334,,9.53,169.34
2026-07-09T23:17:53,D3gRJfAoWJ4mBkdWXkoRBbkvxiYicoYwNvSD2PxPwKQk,0x2e30c32738a28833e3d85189c04895c25ee54cb5,interesting,BTC/ETH,sell_base,ETH,BTC,0.158935288458759824,0.00439383,0.02764540237,,0.02761666363,,10.41,277.05
2026-07-09T23:17:54,F9LN1opovVehMjybhqXJ8BkQBhhjuJhtw5vEhqzUZ2v9,solver-priv-liq.near,interesting,BTC/USDT,buy_base,BTC,USDT,0.00022255,14.030436,63043.97214,,63119.5,,11.98,14.03
2026-07-09T23:17:54,F9LN1opovVehMjybhqXJ8BkQBhhjuJhtw5vEhqzUZ2v9,solver-priv-liq.near,interesting,USDT/TRX,sell_base,TRX,USDT,42.18849,14.030421,0.332565138,,0.33157,,30.01,14.03
2026-07-09T23:17:54,3FKkgiehwZsV5zw9RcRV5ua2QatYrbzwTV47wxr6PbqT,4fdbc608fd712338c7680c224f249360c855987cc25ec4501a9a47ef4c789264,interesting,BTC/USDT,buy_base,BTC,USDT,0.00130774,82.502785949654853137,63088.06487,,63119.5,,4.98,82.50
2026-07-09T23:17:54,CHm5dFSXMnCGTExf8zNh5NcyQBNLJAcZTyo3xtrfouJb,0x2e30c32738a28833e3d85189c04895c25ee54cb5,interesting,BTC/SOL,sell_base,SOL,BTC,25.387461,0.03136529,0.001235463838,,0.001233723334,,14.11,1976.97
2026-07-09T23:17:54,ESwirtQqJvFmAYLdoSq44Go37iKoWNeUHi33uEvraZcc,0x2e30c32738a28833e3d85189c04895c25ee54cb5,interesting,BTC/SOL,sell_base,SOL,BTC,0.240618738,0.00029714,0.001234899669,,0.001233723334,,9.53,18.74
2026-07-09T23:17:54,Bq8NoPyrxJ5ph7foosofukEdAivBoDKb8tMutymEgDX7,0x2e30c32738a28833e3d85189c04895c25ee54cb5,interesting,BTC/SOL,sell_base,SOL,BTC,1.363398214,0.00168366,0.001234899667,,0.001233723334,,9.53,106.17
2026-07-09T23:17:56,F2tDCjtY7bWSWqx1gV8T8SnDGWaNqVynXH5yuPGNrTit,solver-priv-liq.near,interesting,BTC/USDT,buy_base,BTC,USDT,0.00033077,20.853055,63043.97315,,63119.5,,11.98,20.85
2026-07-09T23:17:56,F2tDCjtY7bWSWqx1gV8T8SnDGWaNqVynXH5yuPGNrTit,solver-priv-liq.near,interesting,USDT/TRX,sell_base,TRX,USDT,62.703609,20.853034,0.3325651319,,0.33157,,30.01,20.85
2026-07-09T23:17:56,6gVodau7LTW6fPXaWYFxGF7x44ifkzenGebepfzmqRVj,0x2e30c32738a28833e3d85189c04895c25ee54cb5,interesting,BTC/SOL,sell_base,SOL,BTC,32.076792,0.0396203,0.001235170275,,0.001233723334,,11.73,2497.88
2026-07-09T23:17:56,ARkS6U7gBpP8QoLRkWapgFbj2KCMKHL3xSGZbP2SRfPz,0x2e30c32738a28833e3d85189c04895c25ee54cb5,interesting,BTC/SOL,sell_base,SOL,BTC,1.637493356,0.00202214,0.001234899667,,0.001233723334,,9.53,127.51
2026-07-09T23:17:56,CJ8dJ4cUJmkqnrZZ7i9RAHdJTrJVU8TCSJZkhGS8w76,0x2e30c32738a28833e3d85189c04895c25ee54cb5,interesting,BTC/SOL,sell_base,SOL,BTC,0.724649965,0.00089487,0.001234899666,,0.001233723334,,9.53,56.43
2026-07-09T23:17:56,4PYhNy9DM8xZoLE98Puwv6oHaezGuMrCm2bqj1BzMbVZ,0x2e30c32738a28833e3d85189c04895c25ee54cb5,interesting,BTC/ETH,sell_base,ETH,BTC,0.145891889951001455,0.00403324,0.02764540237,,0.02761666363,,10.41,254.31
2026-07-09T23:18:04,GZWYJNboVt3Pg9RZBA2m4opW7HnCjHKHy9PNtJCfnj6s,crux-solver.near,interesting,USDT/SOL,sell_base,SOL,USDT,0.191642436,14.93998506,77.95760361,,77.845,,14.47,14.94
2026-07-09T23:18:10,Gb74ekp85xpTmWAji8sfGPc11yXjYVBAwZU5ZgWKDT3X,solver-multichain-asset.near,same_asset,ETH/ETH,sell_base,ETH,ETH,1.39215937783923,1.3922986077,1.00010001,,1,,1.00,2426.05
2026-07-09T23:18:12,4SkHWKMEcksvAQBX7xJti6u7zZ4XyaxbrFKLucwuca7d,crux-solver.near,stable_stable,USDC/USDT,sell_base,USDT,USDC,135.754794,135.769864,1.000111009,,1,,1.11,135.77
2026-07-09T23:18:15,6T5omQLLg8d5LMLoNTQLhvJ8SPJ6MPFGhGWvbMHBTDEE,sodax-solver.near,interesting,BTC/SOL,sell_base,SOL,BTC,4.81152274,0.0059427,0.001235097561,,0.001233657153,,11.68,374.55
2026-07-09T23:18:15,46itWwzgM2FjoHZ8eNiFcqoibLhrGFE7NpdM6m5zohsL,sodax-solver.near,interesting,BTC/SOL,sell_base,SOL,BTC,0.656228231,0.00080999,0.001234311421,,0.001233657153,,5.30,51.08
2026-07-09T23:18:15,Gn5GJvaJ6TgdCpNdoxvHvpqQaUbp14DdyH875ETizuUJ,0x2e30c32738a28833e3d85189c04895c25ee54cb5,interesting,BTC/USDT,buy_base,BTC,USDT,0.00144585,91.245019,63108.21939,,63101,,-1.14,91.25
2026-07-09T23:18:15,CmYoHzhvtMhKq8rSw6S5fQadEb1cVdMfBrdvFjJvptZE,sodax-solver.near,interesting,BTC/SOL,sell_base,SOL,BTC,0.327816429,0.00040482,0.00123489845,,0.001233657153,,10.06,25.52
2026-07-09T23:18:16,5Mgj2FJQiVSFMJ5v5fb8weXVVVsBc3r5mJLb8K4KKN1G,sodax-solver.near,interesting,BTC/SOL,sell_base,SOL,BTC,1.60789835,0.00198599,0.001235146488,,0.001233657153,,12.07,125.17
2026-07-09T23:18:16,H5vKFe1piBF53PRvPotwT4umXzh82MSPTG83RfsWrkxr,sodax-solver.near,interesting,BTC/ETH,sell_base,ETH,BTC,0.02124647810869027,0.00058719,0.02763705104,,0.0276168365,,7.32,37.03
2026-07-09T23:18:19,GJfRJGcPFDYTPBFNmo165rbpGrSf3n5gYC6ZqcZLtu73,0x2e30c32738a28833e3d85189c04895c25ee54cb5,interesting,BTC/USDC,buy_base,BTC,USDC,0.00022846,14.409327,63071.55301,,63101,,4.67,14.41
2026-07-09T23:18:29,6gLt1GHy8NYaVDQ8npReRSTBypi8wvEL85KfGupfXNv8,crux-solver.near,interesting,XRP/USDT,buy_base,XRP,USDT,10.477116,11.441085008176836,1.092007095,,1.0924,,3.60,11.44
2026-07-09T23:18:43,6HyJ4Fd2t3PeScB54ySPqhgFnFvwh6C95dKvVYC8VtLu,crux-solver.near,interesting,BNB/USDT,buy_base,BNB,USDT,0.03419874678121902,19.446828,568.641539,,568.575,,-1.17,19.45
2026-07-09T23:18:43,6HyJ4Fd2t3PeScB54ySPqhgFnFvwh6C95dKvVYC8VtLu,solver-priv-liq.near,interesting,USDT/PENGU,sell_base,PENGU,USDT,3146.264351,19.446808,0.00618091992,,0.0061735,,12.02,19.45
2026-07-09T23:19:08,7RhKc64bgKwCvcwGjAd7z4gEttusC92oV67DotAvaX7F,crux-solver.near,interesting,USDT/BTC,sell_base,BTC,USDT,0.2180699,13766.290377,63127.87953,,63094,,5.37,13766.29
